tag	ngpus	ncmoe	mib	sm	mtp	ctx	rc	secs	nctx	budget	arena0_MiB	arena1_MiB	fatal	stale/rearm	slashes	text_sha
q1_48_unset_layer_off_auto	2	48	unset	layer	off	auto	0	14	262144	auto	23887.5	23300.9	0	0/0	0	db556809f0e6
q1_48_unset_layer_off_32768	2	48	unset	layer	off	32768	0	32	32768	auto	23715.2	23140.6	0	1/0	0	3907b268aa7f
q1_48_unset_layer_off_204800	2	48	unset	layer	off	204800	0	31	204800	auto	22452.0	21911.4	0	1/0	0	3907b268aa7f
q1_48_unset_layer_on_auto	2	48	unset	layer	on	auto	0	14	262144				0	0/0	0	db556809f0e6
q1_48_unset_layer_on_32768	2	48	unset	layer	on	32768	0	35	32768	auto	19408.6	18918.6	0	0/0	0	e49401076df7
q1_48_unset_layer_on_204800	2	48	unset	layer	on	204800	0	34	204800	auto	18202.7	17689.4	0	0/0	0	5017a50e01f5
q1_48_unset_tensor_off_auto	2	48	unset	tensor	off	auto	0	32	262144	auto	20028.5	19882.6	0	1/0	0	9dcaf06d55e8
q1_48_unset_tensor_off_32768	2	48	unset	tensor	off	32768	0	32	32768	auto	22587.7	22423.2	0	1/0	0	9dcaf06d55e8
q1_48_unset_tensor_off_204800	2	48	unset	tensor	off	204800	0	33	204800	auto	20696.1	20545.4	0	1/0	0	9dcaf06d55e8
q1_48_unset_tensor_on_auto	2	48	unset	tensor	on	auto	0	34	262144	auto	15744.6	15629.9	0	0/0	0	9dcaf06d55e8
q1_48_unset_tensor_on_32768	2	48	unset	tensor	on	32768	0	34	32768	auto	18248.2	18115.3	0	0/0	0	9dcaf06d55e8
q1_48_unset_tensor_on_204800	2	48	unset	tensor	on	204800	0	34	204800	auto	16356.6	16237.5	0	0/0	0	9dcaf06d55e8
q1_48_0_layer_off_auto	2	48	0	layer	off	auto	0	13	262144				0	0/0	0	db556809f0e6
q1_48_0_layer_off_32768	2	48	0	layer	off	32768	0	31	32768				0	0/0	0	bd867eff1f61
q1_48_0_layer_off_204800	2	48	0	layer	off	204800	0	29	204800				0	0/0	0	bd867eff1f61
q1_48_0_layer_on_auto	2	48	0	layer	on	auto	0	14	262144				0	0/0	0	db556809f0e6
q1_48_0_layer_on_32768	2	48	0	layer	on	32768	0	31	32768				0	0/0	0	bd867eff1f61
q1_48_0_layer_on_204800	2	48	0	layer	on	204800	0	31	204800				0	0/0	0	bd867eff1f61
q1_48_0_tensor_off_auto	2	48	0	tensor	off	auto	0	29	262144				0	0/0	0	bbea55b05c07
q1_48_0_tensor_off_32768	2	48	0	tensor	off	32768	0	30	32768				0	0/0	0	bbea55b05c07
q1_48_0_tensor_off_204800	2	48	0	tensor	off	204800	0	29	204800				0	0/0	0	bbea55b05c07
q1_48_0_tensor_on_auto	2	48	0	tensor	on	auto	0	31	262144				0	0/0	0	bbea55b05c07
q1_48_0_tensor_on_32768	2	48	0	tensor	on	32768	0	31	32768				0	0/0	0	bbea55b05c07
q1_48_0_tensor_on_204800	2	48	0	tensor	on	204800	0	31	204800				0	0/0	0	bbea55b05c07
q1_48_4096_layer_off_auto	2	48	4096	layer	off	auto	0	14	262144	4096	4077.0	4061.6	0	0/0	0	db556809f0e6
q1_48_4096_layer_off_32768	2	48	4096	layer	off	32768	0	31	32768	4096	4077.0	4061.6	0	1/0	0	3907b268aa7f
q1_48_4096_layer_off_204800	2	48	4096	layer	off	204800	0	31	204800	4096	4077.0	4061.6	0	1/0	0	3907b268aa7f
q1_48_4096_layer_on_auto	2	48	4096	layer	on	auto	0	15	262144				0	0/0	0	db556809f0e6
q1_48_4096_layer_on_32768	2	48	4096	layer	on	32768	0	34	32768	4096	4077.0	4061.6	0	0/0	0	8c14f9b5e18d
q1_48_4096_layer_on_204800	2	48	4096	layer	on	204800	0	33	204800	4096	4077.0	4061.6	0	0/0	0	8c14f9b5e18d
q1_48_4096_tensor_off_auto	2	48	4096	tensor	off	auto	0	31	262144	4096	4061.3	4031.8	0	1/0	0	9dcaf06d55e8
q1_48_4096_tensor_off_32768	2	48	4096	tensor	off	32768	0	31	32768	4096	4061.3	4031.8	0	1/0	0	9dcaf06d55e8
q1_48_4096_tensor_off_204800	2	48	4096	tensor	off	204800	0	31	204800	4096	4061.3	4031.8	0	1/0	0	9dcaf06d55e8
q1_48_4096_tensor_on_auto	2	48	4096	tensor	on	auto	0	33	262144	4096	4061.3	4031.8	0	0/0	0	9dcaf06d55e8
q1_48_4096_tensor_on_32768	2	48	4096	tensor	on	32768	0	33	32768	4096	4061.3	4031.8	0	0/0	0	9dcaf06d55e8
q1_48_4096_tensor_on_204800	2	48	4096	tensor	on	204800	0	33	204800	4096	4061.3	4031.8	0	0/0	0	9dcaf06d55e8
q1_48_16384_layer_off_auto	2	48	16384	layer	off	auto	0	14	262144	16384	16365.2	16353.4	0	0/0	0	db556809f0e6
q1_48_16384_layer_off_32768	2	48	16384	layer	off	32768	0	31	32768	16384	16365.2	16353.4	0	1/0	0	3907b268aa7f
q1_48_16384_layer_off_204800	2	48	16384	layer	off	204800	0	31	204800	16384	16365.2	16353.4	0	1/0	0	3907b268aa7f
q1_48_16384_layer_on_auto	2	48	16384	layer	on	auto	0	15	262144				0	0/0	0	db556809f0e6
q1_48_16384_layer_on_32768	2	48	16384	layer	on	32768	0	33	32768	16384	16365.2	16353.4	0	0/0	0	2774672857cd
q1_48_16384_layer_on_204800	2	48	16384	layer	on	204800	0	34	204800	16384	16365.2	16353.4	0	0/0	0	2774672857cd
q1_48_16384_tensor_off_auto	2	48	16384	tensor	off	auto	0	32	262144	16384	16356.6	16237.5	0	1/0	0	9dcaf06d55e8
q1_48_16384_tensor_off_32768	2	48	16384	tensor	off	32768	0	32	32768	16384	16356.6	16237.5	0	1/0	0	9dcaf06d55e8
q1_48_16384_tensor_off_204800	2	48	16384	tensor	off	204800	0	32	204800	16384	16356.6	16237.5	0	1/0	0	9dcaf06d55e8
q1_48_16384_tensor_on_auto	2	48	16384	tensor	on	auto	0	33	262144	16384	15744.6	15629.9	0	0/0	0	9dcaf06d55e8
q1_48_16384_tensor_on_32768	2	48	16384	tensor	on	32768	0	34	32768	16384	16356.6	16237.5	0	0/0	0	9dcaf06d55e8
q1_48_16384_tensor_on_204800	2	48	16384	tensor	on	204800	0	33	204800	16384	16356.6	16237.5	0	0/0	0	9dcaf06d55e8
q6_0	2	0	unset	tensor	off	8192	134	32	8192				1	0/0	0	cc04975481a7
q6_4	2	4	unset	tensor	off	8192	134	36	8192				1	0/0	0	
q6_8	2	8	unset	tensor	off	8192	0	28	8192				0	0/0	0	cdf6ab019b4d
q6_12	2	12	unset	tensor	off	8192	0	27	8192	auto	1972.5	2108.7	0	0/0	0	9dcaf06d55e8
q6_16	2	16	unset	tensor	off	8192	0	28	8192	auto	4166.0	4180.2	0	0/0	0	9dcaf06d55e8
q6_20	2	20	unset	tensor	off	8192	0	28	8192	auto	6373.3	6640.8	0	1/0	0	9dcaf06d55e8
q6_24	2	24	unset	tensor	off	8192	0	28	8192	auto	8656.5	8676.4	0	1/0	0	9dcaf06d55e8
q6_28	2	28	unset	tensor	off	8192	0	30	8192	auto	10827.6	11154.2	0	1/0	0	9dcaf06d55e8
q6_32	2	32	unset	tensor	off	8192	0	29	8192	auto	13403.3	13369.7	0	1/0	0	9dcaf06d55e8
q6_40	2	40	unset	tensor	off	8192	0	31	8192	auto	17866.1	17829.9	0	1/0	0	9dcaf06d55e8
q6_48	2	48	unset	tensor	off	8192	0	32	8192	auto	22810.3	22644.1	0	1/0	0	9dcaf06d55e8
q6_56	2	56	unset	tensor	off	8192	0	33	8192	auto	22810.3	22644.1	0	1/0	0	9dcaf06d55e8
q6_99	2	99	unset	tensor	off	8192	0	32	8192	auto	22810.3	22644.1	0	1/0	0	9dcaf06d55e8
stock_q6_0	2	0	unset	tensor	off	8192	134	31	8192				1	0/0	0	5841235c67d8
stock_q6_4	2	4	unset	tensor	off	8192	134	43	8192				0	0/0	0	30256d9337f0
stock_q6_8	2	8	unset	tensor	off	8192	0	28	8192				0	0/0	0	9dcaf06d55e8
stock_q6_12	2	12	unset	tensor	off	8192	0	27	8192				0	0/0	0	9dcaf06d55e8
stock_q6_48	2	48	unset	tensor	off	8192	0	30	8192	auto	22699.0	22533.6	0	1/0	0	9dcaf06d55e8
q3g_4096	3	48	4096	tensor	off	8192	0	34	8192	4096	4078.8	4096.0	0	1/0	0	3907b268aa7f
q3g_8192	3	48	8192	tensor	off	8192	0	34	8192	8192	8157.6	8192.0	0	1/0	0	3907b268aa7f
q3g_auto	3	48	unset	tensor	off	8192	0	37	8192	auto	18985.0	19065.0	0	1/0	0	3907b268aa7f
s7_default	2	48	unset	tensor	off	8192	0	32	8192	auto	22810.3	22644.1	0	1/0	0	9dcaf06d55e8
s7_stage0	2	48	unset	tensor	off	8192	0	32	8192	auto	22810.3	22644.1	0	1/0	0	9dcaf06d55e8
s7_inplace0	2	48	unset	tensor	off	8192	0	32	8192	auto	22810.3	22644.1	0	1/0	0	9dcaf06d55e8
s7_cachestage0	2	48	unset	tensor	off	8192	0	32	8192	auto	22810.3	22644.1	0	1/0	0	9dcaf06d55e8
s7_maxmb512	2	48	unset	tensor	off	8192	0	32	8192	auto	22810.3	22644.1	0	1/0	0	9dcaf06d55e8
s7_maxmb2048	2	48	unset	tensor	off	8192	0	32	8192	auto	22810.3	22644.1	0	1/0	0	9dcaf06d55e8
s7_slots4	2	48	unset	tensor	off	8192	0	31	8192	auto	22810.3	22644.1	0	1/0	0	9dcaf06d55e8
s7_slots8	2	48	unset	tensor	off	8192	0	32	8192	auto	22810.3	22644.1	0	1/0	0	9dcaf06d55e8
s7_slots16	2	48	unset	tensor	off	8192	0	32	8192	auto	22810.3	22644.1	0	1/0	0	9dcaf06d55e8
s7_g4off	2	48	unset	tensor	off	8192	0	30	8192	auto	22810.3	22644.1	0	1/0	0	9dcaf06d55e8
s7_g4pct1	2	48	unset	tensor	off	8192	0	33	8192	auto	22810.3	22644.1	0	1/0	0	9dcaf06d55e8
s3_slab0_unset	2	48	unset	tensor	off	8192	0	37	8192	auto	24150.4	23712.3	0	1/2	0	9dcaf06d55e8
s3_slab0_4096	2	48	4096	tensor	off	8192	0	29	8192	4096	4061.3	4031.8	0	1/0	0	9dcaf06d55e8
